week,Platform,sentiment_label,count,share_pct
2026-07-06,instagram,negative,17,7.6
2026-07-06,instagram,neutral,18,8.1
2026-07-06,instagram,positive,188,84.3
2026-07-13,instagram,negative,89,7.4
2026-07-13,instagram,neutral,82,6.8
2026-07-13,instagram,positive,1027,85.7
2026-07-20,instagram,negative,1,50.0
2026-07-20,instagram,positive,1,50.0
2026-07-27,instagram,positive,2,100.0
2026-08-03,instagram,positive,1,100.0
2026-08-10,instagram,negative,74,6.5
2026-08-10,instagram,neutral,92,8.1
2026-08-10,instagram,positive,975,85.5
2026-08-17,instagram,negative,23,6.4
2026-08-17,instagram,neutral,36,9.9
2026-08-17,instagram,positive,303,83.7
2026-09-07,instagram,negative,33,8.3
2026-09-07,instagram,neutral,26,6.5
2026-09-07,instagram,positive,339,85.2
2026-09-14,instagram,negative,79,8.1
2026-09-14,instagram,neutral,79,8.1
2026-09-14,instagram,positive,815,83.8
2026-07-06,youtube,negative,45,19.7
2026-07-06,youtube,neutral,55,24.1
2026-07-06,youtube,positive,128,56.1
2026-07-13,youtube,negative,239,17.8
2026-07-13,youtube,neutral,290,21.6
2026-07-13,youtube,positive,816,60.7
2026-07-20,youtube,negative,231,17.1
2026-07-20,youtube,neutral,319,23.6
2026-07-20,youtube,positive,803,59.3
2026-07-27,youtube,negative,341,18.0
2026-07-27,youtube,neutral,391,20.6
2026-07-27,youtube,positive,1163,61.4
2026-08-03,youtube,negative,268,19.9
2026-08-03,youtube,neutral,271,20.1
2026-08-03,youtube,positive,806,59.9
2026-08-10,youtube,negative,273,18.7
2026-08-10,youtube,neutral,264,18.1
2026-08-10,youtube,positive,920,63.1
2026-08-17,youtube,negative,194,17.3
2026-08-17,youtube,neutral,228,20.3
2026-08-17,youtube,positive,699,62.4
2026-08-24,youtube,negative,196,15.7
2026-08-24,youtube,neutral,253,20.3
2026-08-24,youtube,positive,799,64.0
2026-08-31,youtube,negative,238,18.0
2026-08-31,youtube,neutral,286,21.7
2026-08-31,youtube,positive,795,60.3
2026-09-07,youtube,negative,406,21.2
2026-09-07,youtube,neutral,457,23.9
2026-09-07,youtube,positive,1053,55.0
2026-09-14,youtube,negative,485,25.1
2026-09-14,youtube,neutral,456,23.6
2026-09-14,youtube,positive,993,51.3
2026-09-21,youtube,negative,247,19.6
2026-09-21,youtube,neutral,277,21.9
2026-09-21,youtube,positive,739,58.5
2026-09-28,youtube,negative,317,22.7
2026-09-28,youtube,neutral,314,22.5
2026-09-28,youtube,positive,765,54.8
