week,Platform,posts
2026-06-29,youtube,223
2026-07-06,instagram,300
2026-07-06,youtube,2543
2026-07-13,instagram,1534
2026-07-13,youtube,1711
2026-07-20,instagram,2
2026-07-20,youtube,1689
2026-07-27,instagram,2
2026-07-27,youtube,2355
2026-08-03,instagram,1
2026-08-03,youtube,1755
2026-08-10,instagram,1401
2026-08-10,youtube,1785
2026-08-17,instagram,437
2026-08-17,youtube,1404
2026-08-24,youtube,1441
2026-08-31,youtube,1597
2026-09-07,instagram,517
2026-09-07,youtube,2284
2026-09-14,instagram,1256
2026-09-14,youtube,2335
2026-09-21,youtube,1300
